timestamp,elapsed_s,total_height,total_accounts,total_errors,total_mem_mb
1772409645,0,0,0,0,32
1772409659,10,22,0,0,3192
1772409673,24,24,0,0,5808
1772409687,38,13,0,0,6861
1772409704,52,0,0,0,2681
1772409718,69,18,0,0,2683
1772409731,83,37,0,0,2443
1772409747,96,0,0,0,2984
1772409761,112,20,0,0,1514
1772409773,126,20,0,1,820
1772409783,138,0,0,3,0
1772409793,148,0,0,3,0
1772409803,158,0,0,3,0
1772409813,168,0,0,3,0
1772409823,178,0,0,3,0
1772409833,188,0,0,3,0
1772409843,198,0,0,3,0
1772409853,208,0,0,3,0
1772409863,218,0,0,3,0
1772409873,228,0,0,3,0
1772409883,238,0,0,3,0
1772409893,248,0,0,3,0
1772409903,258,0,0,3,0
1772409913,268,0,0,3,0
1772409923,278,0,0,3,0
1772409933,288,0,0,3,0
1772409943,298,0,0,3,0
